Configuration,Embedder,Row,P@10,MRR,R-prec,R-prec (reachable),Reachable,Depth to 90% (x set),Stage 1 ms,Stage 1 out tokens
"Raw query, no rewriter, no filter",base,88,0.031,0.067,0.211,0.211,1.000,13.47,—,—
"Raw query, no rewriter, no filter",tuned (nomic-mtg-v1),95,0.069,0.101,0.598,0.598,1.000,3.38,—,—
v1 filters + raw query,base,89,0.050,0.129,0.185,0.297,0.680,8.38,1628,42
v1 filters + raw query,tuned (nomic-mtg-v1),96,0.081,0.206,0.456,0.641,0.680,1.19,1722,42
"v1 hypothetical text, no filter",base,91,0.085,0.269,0.273,0.273,1.000,13.23,1074,42
"v1 hypothetical text, no filter",tuned (nomic-mtg-v1),98,0.077,0.196,0.459,0.459,1.000,3.76,1143,42
v1 hypothetical text + filters,base,90,0.112,0.294,0.215,0.346,0.680,8.38,1053,42
v1 hypothetical text + filters,tuned (nomic-mtg-v1),97,0.088,0.270,0.326,0.517,0.680,3.00,1214,42
"v2 concepts, no filter",base,93,0.035,0.135,0.215,0.215,1.000,19.77,1078,28
"v2 concepts, no filter",tuned (nomic-mtg-v1),100,0.077,0.146,0.623,0.623,1.000,2.12,762,28
v2 concepts + filters,base,92,0.058,0.171,0.169,0.297,0.717,7.64,890,28
v2 concepts + filters,tuned (nomic-mtg-v1),99,0.092,0.196,0.510,0.681,0.717,1.24,918,28
v2 concepts + filters + keywords,base,94,0.058,0.171,0.169,0.297,0.717,7.64,1224,28
v2 concepts + filters + keywords,tuned (nomic-mtg-v1),101,0.096,0.200,0.510,0.681,0.717,1.24,778,28
v2 query + concepts + filters + keywords,tuned (nomic-mtg-v1),84,0.085,0.206,0.486,0.625,0.717,1.11,739,28
v2 one-sentence hypothetical + filters,tuned (nomic-mtg-v1),52,0.085,0.153,0.533,0.625,0.810,1.19,1389,62
Tag-label oracle + v1 filters,base,28,0.065,0.185,—,—,—,—,—,—
Tag-label oracle + v1 filters,tuned (nomic-mtg-v1),46,0.073,0.153,0.536,0.728,0.680,1.11,—,—
"Tag-label oracle, no filter",base,29,0.035,0.100,—,—,—,—,—,—
"Tag-label oracle, no filter",tuned (nomic-mtg-v1),27,0.081,0.122,—,—,—,—,—,—
